"i","j","v"
1,1,1
2,2,1
3,3,1
4,4,1
5,5,1
6,6,1
7,7,1
8,8,1
9,9,1
10,10,1
11,11,1
12,12,1
13,13,1
14,14,1
15,15,1
16,16,1
17,17,1
18,18,1
19,19,1
20,20,1
21,21,1
22,22,1
22,23,1
23,24,1
23,25,1
24,26,1
25,27,1
26,28,1
27,29,1
28,30,1
28,31,1
29,32,1
30,33,1
31,34,1
32,35,1
33,36,1
34,37,1
35,38,1
36,39,1
37,40,1
38,41,1
39,42,1
40,43,1
41,44,1
42,45,1
42,46,1
43,47,1
44,48,1
44,49,1
45,50,1
45,51,1
46,52,1
46,53,1
47,54,1
48,55,1
48,56,1
49,57,1
49,58,1
50,59,1
50,60,1
51,61,1
51,62,1
52,63,1
53,64,1
54,65,1
55,66,1
56,67,1
57,68,1
57,69,1
58,70,1
58,71,1
59,72,1
59,73,1
59,74,1
60,75,1
61,76,1
61,77,1
62,78,1
63,79,1
64,80,1
64,81,1
64,82,1
65,83,1
65,84,1
66,85,1
66,86,1
67,87,1
68,88,1
69,89,1
69,90,1
70,91,1
70,92,1
71,93,1
71,94,1
72,95,1
73,96,1
73,97,1
74,98,1
74,99,1
75,100,1
75,101,1
75,102,1
76,103,1
77,104,1
77,105,1
78,106,1
78,107,1
79,108,1
79,109,1
80,110,1
81,111,1
81,112,1
81,113,1
82,114,1
82,115,1
83,116,1
83,117,1
84,118,1
84,119,1
85,120,1
85,121,1
86,122,1
86,123,1
87,124,1
88,125,1
88,126,1
89,127,1
89,128,1
89,129,1
90,130,1
90,131,1
91,132,1
91,133,1
91,134,1
92,135,1
92,136,1
93,137,1
93,138,1
94,139,1
94,140,1
94,141,1
94,142,1
95,143,1
95,144,1
96,145,1
96,146,1
97,147,1
98,148,1
98,149,1
99,150,1
99,151,1
99,152,1
99,153,1
100,154,1
100,155,1
101,156,1
102,157,1
102,158,1
103,159,1
104,160,1
104,161,1
105,162,1
105,163,1
105,164,1
106,165,1
106,166,1
107,167,1
107,168,1
108,169,1
108,170,1
109,171,1
109,172,1
110,173,1
110,174,1
110,175,1
111,176,1
111,177,1
112,178,1
113,179,1
113,180,1
114,181,1
114,182,1
114,183,1
115,184,1
116,185,1
117,186,1
117,187,1
118,188,1
119,189,1
120,190,1
121,191,1
122,192,1
122,193,1
123,194,1
124,195,1
125,196,1
126,197,1
127,198,1
127,199,1
128,200,1
129,201,1
130,202,1
131,203,1
132,204,1
133,205,1
133,206,1
134,207,1
135,208,1
135,209,1
136,210,1
137,211,1
138,212,1
139,213,1
140,214,1
141,215,1
141,216,1
141,217,1
142,218,1
143,219,1
144,220,1
145,221,1
146,222,1
147,223,1
148,224,1
149,225,1
149,226,1
150,227,1
151,228,1
152,229,1
153,230,1
154,231,1
155,232,1
156,233,1
157,234,1
158,235,1
159,236,1
160,237,1
161,238,1
162,239,1
163,240,2
164,241,1
165,242,1
166,243,1
167,244,1
168,245,1
169,246,1
170,247,1
171,248,1
172,249,1
173,250,1
174,251,1
175,252,2
176,253,1
177,254,1
178,255,2
179,256,2
180,257,1
181,258,1
182,259,1
183,260,1
184,261,2
185,262,1
186,263,1
187,264,2
188,265,1
189,266,1
190,267,1
191,268,1
192,269,2
193,270,2
194,271,1
195,272,2
196,273,1
197,274,1
198,275,1
199,276,2
200,277,1
201,278,2
202,279,1
203,280,2
204,281,1
205,282,1
206,283,2
207,284,2
208,285,1
209,286,1
210,287,2
211,288,1
212,289,1
213,290,1
214,291,1
215,292,1
216,293,1
217,294,1
218,295,1
219,296,1
220,297,1
221,298,1
222,299,1
223,300,1
224,301,1
225,302,1
226,303,1
227,304,1
228,305,1
229,306,1
230,307,1
231,308,1
232,309,1
233,310,1
234,311,1
235,312,1
236,313,1
237,314,1
238,315,1
239,316,1
240,317,1
241,318,1
242,319,1
243,320,1
244,321,1
245,322,1
246,323,1
247,324,1
248,325,1
249,326,1
250,327,1
251,328,1
252,329,1
253,330,1
254,331,1
255,332,1
256,333,2
257,334,2
258,335,1
259,336,1
260,337,1
261,338,2
262,339,2
263,340,1
264,341,1
265,342,1
266,343,1
267,344,1
268,345,1
269,346,1
270,347,1
271,348,1
272,349,1
273,350,1
274,351,1
275,352,1
276,353,1
277,354,1
278,355,1
279,356,1
280,357,1
281,358,1
282,359,1
283,360,1
284,361,1
285,362,1
286,363,1
287,364,1
288,365,1
289,366,1
290,367,1
291,368,1
292,369,1
293,370,1
294,371,1
295,372,1
296,373,2
297,374,1
298,375,1
299,376,1
300,377,1
301,378,1
302,379,1
303,380,1
304,381,2
305,382,1
306,383,1
307,384,1
308,385,1
309,386,1
310,387,1
311,388,1
312,389,1
313,390,1
314,391,1
315,392,1
316,393,1
317,394,2
318,395,1
319,396,1
320,397,1
321,398,1
322,399,1
323,400,1
324,401,1
325,402,1
326,403,2
327,404,1
328,405,1
329,406,1
330,407,1
331,408,1
332,409,1
333,410,2
334,411,1
335,412,1
336,413,1
337,414,1
338,415,1
339,416,1
340,417,1
341,418,1
342,419,1
343,420,1
344,421,1
345,422,1
346,423,1
347,424,1
348,425,2
349,426,1
350,427,1
351,428,1
352,429,1
353,430,2
354,431,1
355,432,1
356,433,1
357,434,1
358,435,1
359,436,1
360,437,1
361,438,1
362,439,1
363,440,1
364,441,1
365,442,1
366,443,1
367,444,1
368,445,1
369,446,1
370,447,1
371,448,1
372,449,1
373,450,1
374,451,1
375,452,1
376,453,1
377,454,1
378,455,1
379,456,1
380,457,1
381,458,1
382,459,1
383,460,1
384,461,1
385,462,1
386,463,1
387,464,1
388,465,1
389,466,1
390,467,1
391,468,2
392,469,1
393,470,1
394,471,1
395,472,1
396,473,1
397,474,1
398,475,1
399,476,1
400,477,1
401,478,1
402,479,1
403,480,2
404,481,2
405,482,1
406,483,1
407,484,1
408,485,1
409,486,1
410,487,1
411,488,1
412,489,2
413,490,2
414,491,1
415,492,1
416,493,2
417,494,1
418,495,1
419,496,1
420,497,1
421,498,1
422,499,1
423,500,1
424,501,1
425,502,1
426,503,1
427,504,1
428,505,1
429,506,1
430,507,2
431,508,2
432,509,1
433,510,1
434,511,1
435,512,1
436,513,1
437,514,2
438,515,1
439,516,1
440,517,1
441,518,1
442,519,1
443,520,1
444,521,1
445,522,1
446,523,1
447,524,1
448,525,1
449,526,1
450,527,1
451,528,1
452,529,1
453,530,1
454,531,1
455,532,1
456,533,1
457,534,1
458,535,1
459,536,1
460,537,1
461,538,1
462,539,1
463,540,1
464,541,1
465,542,1
466,543,1
467,544,1
468,545,1
469,546,2
470,547,2
471,548,1
472,549,1
473,550,1
474,551,1
475,552,1
476,553,1
477,554,1
478,555,1
479,556,1
480,557,1
481,558,2
482,559,1
483,560,1
484,561,1
485,562,1
486,563,1
487,564,1
488,565,1
489,566,1
490,567,1
491,568,1
492,569,1
493,570,1
494,571,1
495,572,1
496,573,1
497,574,1
498,575,1
499,576,1
500,577,1
501,578,1
502,579,1
503,580,1
504,581,1
505,582,1
506,583,1
507,584,1
508,585,1
509,586,1
510,587,1
511,588,1
512,589,1
513,590,1
514,591,1
515,592,1
516,593,1
517,594,1
518,595,2
519,596,1
520,597,1
521,598,1
522,599,1
523,600,1
524,601,2
525,602,1
526,603,1
527,604,1
528,605,1
529,606,1
530,607,1
531,608,1
532,609,1
533,610,1
534,611,1
535,612,1
536,613,1
537,614,1
538,615,1
539,616,1
540,617,1
541,618,1
542,619,1
543,620,1
544,621,1
545,622,1
546,623,1
547,624,1
548,625,1
549,626,1
550,627,1
551,628,1
552,629,1
553,630,1
554,631,1
555,632,2
556,633,1
557,634,1
558,635,1
559,636,1
560,637,1
561,638,1
562,639,1
563,640,1
564,641,1
565,642,1
566,643,1
567,644,1
568,645,1
569,646,1
570,647,1
571,648,2
572,649,1
573,650,2
574,651,1
575,652,1
576,653,1
577,654,1
578,655,1
579,656,1
580,657,1
581,658,2
582,659,1
583,660,2
584,661,1
585,662,1
586,663,1
587,664,1
588,665,2
589,666,1
590,667,2
591,668,1
592,669,1
593,670,1
594,671,1
595,672,1
596,673,1
597,674,1
598,675,1
599,676,2
600,677,1
601,678,2
602,679,1
603,680,1
604,681,2
605,682,1
606,683,1
607,684,1
608,685,2
609,686,1
610,687,1
611,688,2
612,689,1
613,690,2
614,691,1
615,692,1
616,693,1
617,694,1
618,695,1
619,696,1
620,697,1
621,698,1
622,699,1
623,700,1
624,701,1
625,702,1
626,703,1
627,704,2
628,705,2
629,706,1
630,707,1
631,708,1
632,709,1
633,710,1
634,711,1
635,712,1
636,713,1
637,714,1
638,715,1
639,716,1
640,717,1
641,718,1
642,719,1
643,720,1
644,721,1
645,722,1
646,723,1
647,724,1
648,725,1
649,726,1
650,727,1
651,728,1
652,729,2
653,730,2
654,731,1
655,732,1
656,733,1
657,734,1
658,735,1
659,736,1
660,737,1
661,738,1
662,739,1
663,740,1
664,741,1
665,742,1
666,743,1
667,744,1
668,745,1
669,746,1
670,747,1
671,748,1
672,749,2
673,750,1
674,751,2
675,752,1
676,753,1
677,754,1
678,755,1
679,756,1
680,757,1
681,758,1
682,759,2
683,760,2
684,761,1
685,762,1
686,763,1
687,764,1
688,765,1
689,766,1
690,767,1
691,768,1
692,769,1
693,770,1
694,771,1
695,772,1
696,773,1
697,774,1
698,775,1
699,776,1
700,777,1
701,778,1
702,779,1
703,780,1
704,781,2
705,782,2
706,783,1
707,784,2
708,785,2
709,786,1
710,787,1
711,788,1
712,789,1
713,790,1
714,791,1
715,792,1
716,793,1
717,794,2
718,795,1
719,796,1
720,797,1
721,798,1
722,799,1
723,800,1
724,801,1
725,802,1
726,803,1
727,804,1
728,805,1
729,806,1
730,807,1
731,808,1
732,809,1
733,810,1
734,811,1
735,812,1
736,813,1
737,814,1
738,815,1
739,816,1
740,817,1
741,818,1
742,819,1
743,820,1
744,821,1
745,822,1
746,823,1
747,824,1
748,825,1
749,826,1
750,827,2
751,828,1
752,829,1
753,830,1
754,831,1
755,832,1
756,833,1
757,834,1
758,835,1
759,836,1
760,837,1
761,838,1
762,839,1
763,840,1
764,841,1
765,842,1
766,843,1
767,844,1
768,845,1
769,846,1
770,847,1
771,848,1
772,849,1
773,850,1
774,851,1
775,852,1
776,853,1
777,854,1
778,855,1
779,856,1
780,857,1
781,858,1
782,859,1
783,860,1
784,861,1
785,862,1
786,863,1
787,864,1
788,865,1
789,866,1
790,867,1
791,868,1
792,869,1
793,870,1
794,871,1
795,872,1
796,873,1
797,874,1
798,875,1
799,876,1
800,877,1
801,878,1
802,879,1
803,880,1
804,881,1
805,882,1
806,883,1
807,884,1
808,885,1
809,886,1
810,887,1
811,888,1
812,889,1
813,890,2
814,891,1
815,892,2
816,893,1
817,894,1
818,895,1
819,896,1
820,897,1
821,898,1
822,899,1
823,900,1
824,901,1
825,902,1
826,903,1
827,904,1
828,905,1
829,906,2
830,907,1
831,908,1
832,909,1
833,910,1
834,911,2
835,912,1
836,913,1
837,914,1
838,915,1
839,916,1
840,917,1
841,918,1
842,919,1
843,920,1
844,921,2
845,922,1
846,923,2
847,924,1
848,925,1
849,926,1
850,927,1
851,928,1
852,929,1
853,930,1
854,931,1
855,932,1
856,933,1
857,934,1
858,935,1
859,936,1
860,937,1
861,938,1
862,939,1
863,940,2
864,941,2
865,942,1
866,943,1
867,944,1
868,945,1
869,946,1
870,947,1
871,948,2
872,949,1
873,950,1
874,951,1
875,952,1
876,953,1
877,954,1
878,955,1
879,956,1
880,957,1
881,958,1
882,959,2
883,960,1
884,961,1
885,962,2
886,963,1
887,964,2
888,965,1
889,966,1
890,967,1
891,968,1
892,969,1
893,970,1
894,971,2
895,972,1
896,973,1
897,974,1
898,975,1
899,976,1
900,977,1
901,978,1
902,979,1
903,980,1
904,981,1
905,982,1
906,983,2
907,984,2
908,985,1
909,986,1
910,987,1
911,988,1
912,989,1
913,990,1
914,991,1
915,992,1
916,993,1
917,994,2
918,995,1
919,996,2
920,997,1
921,998,1
922,999,2
923,1000,1
924,1001,2
925,1002,1
926,1003,1
927,1004,1
928,1005,1
929,1006,2
930,1007,1
931,1008,1
932,1009,1
933,1010,1
934,1011,1
935,1012,1
936,1013,1
937,1014,1
938,1015,1
939,1016,1
940,1017,2
941,1018,2
942,1019,1
943,1020,1
944,1021,1
945,1022,1
946,1023,1
947,1024,1
948,1025,1
949,1026,1
950,1027,1
951,1028,1
952,1029,1
953,1030,1
954,1031,1
955,1032,1
956,1033,1
957,1034,1
958,1035,1
959,1036,1
960,1037,1
961,1038,1
962,1039,1
963,1040,1
964,1041,1
965,1042,1
966,1043,1
967,1044,1
968,1045,1
969,1046,1
970,1047,1
971,1048,1
972,1049,1
973,1050,1
974,1051,1
975,1052,1
976,1053,1
977,1054,1
978,1055,1
979,1056,1
980,1057,1
981,1058,1
982,1059,1
983,1060,1
984,1061,1
985,1062,1
986,1063,1
987,1064,1
988,1065,1
989,1066,1
990,1067,1
991,1068,1
992,1069,1
993,1070,1
994,1071,1
995,1072,1
996,1073,1
997,1074,1
998,1075,1
999,1076,1
1000,1077,1
1001,1078,1
1002,1079,1
1003,1080,1
1004,1081,1
1005,1082,1
1006,1083,1
1007,1084,1
1008,1085,1
1009,1086,1
1010,1087,1
1011,1088,1
1012,1089,1
1013,1090,1
1014,1091,1
1015,1092,1
1016,1093,1
1017,1094,1
1018,1095,1
1019,1096,1
1020,1097,1
1021,1098,1
1022,1099,1
1023,1100,1
1024,1101,1
1025,1102,1
1026,1103,1
1027,1104,1
1028,1105,1
1029,1106,1
1030,1107,1
1031,1108,1
1032,1109,1
1033,1110,2
1034,1111,2
1035,1112,1
1036,1113,1
1037,1114,2
1038,1115,1
1039,1116,1
1040,1117,1
1041,1118,1
1042,1119,1
1043,1120,2
1044,1121,1
1045,1122,1
1046,1123,2
1047,1124,1
1048,1125,1
1049,1126,1
1050,1127,1
1051,1128,1
1052,1129,1
1053,1130,1
1054,1131,1
1055,1132,1
1056,1133,1
1057,1134,1
1058,1135,1
1059,1136,1
1060,1137,1
1061,1138,1
1062,1139,1
1063,1140,1
1064,1141,1
1065,1142,1
1066,1143,1
1067,1144,1
1068,1145,1
1069,1146,1
1070,1147,1
1071,1148,1
1072,1149,1
1073,1150,1
1074,1151,1
1075,1152,1
1076,1153,1
1077,1154,1
1078,1155,1
1079,1156,1
1080,1157,1
1081,1158,1
1082,1159,1
1083,1160,1
1084,1161,1
1085,1162,1
1086,1163,1
1087,1164,1
1088,1165,1
1089,1166,1
1090,1167,1
1091,1168,2
1092,1169,1
1093,1170,2
1094,1171,1
1095,1172,2
1096,1173,1
1097,1174,1
1098,1175,1
1099,1176,1
1100,1177,1
1101,1178,1
1102,1179,1
1103,1180,1
1104,1181,1
1105,1182,1
1106,1183,1
1107,1184,1
1108,1185,1
1109,1186,1
1110,1187,1
1111,1188,1
1112,1189,1
1113,1190,1
1114,1191,1
1115,1192,1
1116,1193,1
1117,1194,1
1118,1195,1
1119,1196,1
1120,1197,1
1121,1198,1
1122,1199,1
1123,1200,1
1124,1201,1
1125,1202,1
1126,1203,1
1127,1204,1
1128,1205,1
1129,1206,1
1130,1207,1
1131,1208,1
1132,1209,1
1133,1210,1
1134,1211,1
1135,1212,1
1136,1213,1
1137,1214,2
1138,1215,2
1139,1216,2
1140,1217,1
1141,1218,1
1142,1219,1
1143,1220,1
1144,1221,1
1145,1222,1
1146,1223,2
1147,1224,1
1148,1225,1
1149,1226,1
1150,1227,1
1151,1228,1
1152,1229,1
1153,1230,1
1154,1231,1
1155,1232,1
1156,1233,1
1157,1234,1
1158,1235,1
1159,1236,1
1160,1237,1
1161,1238,1
1162,1239,1
1163,1240,1
1164,1241,1
1165,1242,1
1166,1243,1
1167,1244,1
1168,1245,1
1169,1246,1
1170,1247,1
1171,1248,1
1172,1249,1
1173,1250,1
1174,1251,1
1175,1252,1
1176,1253,1
1177,1254,1
1178,1255,1
1179,1256,1
1180,1257,1
1181,1258,1
1182,1259,1
1183,1260,1
1184,1261,1
1185,1262,2
1186,1263,2
1187,1264,1
1188,1265,1
1189,1266,1
1190,1267,1
1191,1268,1
1192,1269,1
1193,1270,2
1194,1271,1
1195,1272,1
1196,1273,1
1197,1274,1
1198,1275,1
1199,1276,1
1200,1277,1
1201,1278,1
1202,1279,1
1203,1280,1
1204,1281,1
1205,1282,1
1206,1283,2
1207,1284,1
1208,1285,1
1209,1286,1
1210,1287,1
1211,1288,1
1212,1289,1
1213,1290,1
1214,1291,1
1215,1292,1
1216,1293,1
1217,1294,1
1218,1295,1
1219,1296,1
1220,1297,1
1221,1298,1
1222,1299,1
1223,1300,1
1224,1301,1
1225,1302,2
1226,1303,1
1227,1304,2
1228,1305,1
1229,1306,1
1230,1307,1
1231,1308,1
1232,1309,1
1233,1310,1
1234,1311,1
1235,1312,1
1236,1313,1
1237,1314,1
1238,1315,1
1239,1316,1
1240,1317,1
1241,1318,1
1242,1319,1
1243,1320,1
1244,1321,1
1245,1322,1
1246,1323,1
1247,1324,1
1248,1325,1
1249,1326,1
1250,1327,1
1251,1328,1
1252,1329,1
1253,1330,1
1254,1331,1
1255,1332,1
1256,1333,1
1257,1334,1
1258,1335,1
1259,1336,1
1260,1337,1
1261,1338,1
1262,1339,1
1263,1340,1
1264,1341,1
1265,1342,1
1266,1343,1
1267,1344,1
1268,1345,1
1269,1346,1
1270,1347,1
1271,1348,1
1272,1349,1
1273,1350,1
1274,1351,1
1275,1352,1
1276,1353,1
1277,1354,1
1278,1355,1
1279,1356,1
1280,1357,1
1281,1358,1
1282,1359,1
1283,1360,1
1284,1361,2
1285,1362,1
1286,1363,1
1287,1364,2
1288,1365,1
1289,1366,2
1290,1367,1
1291,1368,1
1292,1369,1
1293,1370,2
1294,1371,1
1295,1372,1
1296,1373,1
1297,1374,1
1298,1375,1
1299,1376,1
1300,1377,1
1301,1378,1
1302,1379,1
1303,1380,1
1304,1381,1
1305,1382,2
1306,1383,1
1307,1384,2
1308,1385,2
1309,1386,1
1310,1387,1
1311,1388,1
1312,1389,1
1313,1390,1
1314,1391,1
1315,1392,1
1316,1393,1
1317,1394,2
1318,1395,2
1319,1396,1
1320,1397,1
1321,1398,1
1322,1399,1
1323,1400,1
1324,1401,1
1325,1402,1
1326,1403,1
1327,1404,1
1328,1405,2
1329,1406,1
1330,1407,1
1331,1408,1
1332,1409,1
1333,1410,1
1334,1411,1
1335,1412,2
1336,1413,2
1337,1414,1
1338,1415,1
1339,1416,1
1340,1417,1
1341,1418,1
1342,1419,1
1343,1420,1
1344,1421,1
1345,1422,1
1346,1423,2
1347,1424,1
1348,1425,1
1349,1426,1
1350,1427,1
1351,1428,1
1352,1429,1
1353,1430,1
1354,1431,1
1355,1432,1
1356,1433,1
1357,1434,1
1358,1435,1
1359,1436,2
1360,1437,2
1361,1438,2
1362,1439,1
1363,1440,1
1364,1441,1
1365,1442,1
1366,1443,1
1367,1444,1
1368,1445,1
1369,1446,1
1370,1447,1
1371,1448,1
1372,1449,1
1373,1450,1
1374,1451,1
1375,1452,1
1376,1453,1
1377,1454,1
1378,1455,1
1379,1456,1
1380,1457,1
1381,1458,1
1382,1459,1
1383,1460,1
1384,1461,1
1385,1462,1
1386,1463,1
1387,1464,1
1388,1465,1
1389,1466,1
1390,1467,1
1391,1468,1
1392,1469,1
1393,1470,1
1394,1471,1
1395,1472,1
1396,1473,1
1397,1474,2
1398,1475,1
1399,1476,1
1400,1477,1
1401,1478,1
1402,1479,1
1403,1480,1
1404,1481,1
1405,1482,2
1406,1483,1
1407,1484,2
1408,1485,1
1409,1486,2
1410,1487,1
1411,1488,1
1412,1489,1
1413,1490,1
1414,1491,1
1415,1492,1
1416,1493,1
1417,1494,1
1418,1495,1
1419,1496,1
1420,1497,1
1421,1498,1
1422,1499,1
1423,1500,1
1424,1501,1
1425,1502,1
1426,1503,1
1427,1504,1
1428,1505,1
1429,1506,1
1430,1507,2
1431,1508,1
1432,1509,2
1433,1510,1
1434,1511,1
1435,1512,1
1436,1513,1
1437,1514,1
1438,1515,1
1439,1516,1
1440,1517,1
1441,1518,1
1442,1519,1
1443,1520,1
1444,1521,1
1445,1522,1
1446,1523,1
1447,1524,1
1448,1525,1
1449,1526,1
1450,1527,1
1451,1528,2
1452,1529,1
1453,1530,2
1454,1531,1
1455,1532,1
1456,1533,1
1457,1534,1
1458,1535,1
1459,1536,1
1460,1537,1
1461,1538,1
1462,1539,1
1463,1540,1
1464,1541,1
1465,1542,1
1466,1543,1
1467,1544,1
1468,1545,1
1469,1546,1
1470,1547,1
1471,1548,1
1472,1549,1
1473,1550,1
1474,1551,1
1475,1552,1
1476,1553,1
1477,1554,1
1478,1555,1
1479,1556,1
1480,1557,1
1481,1558,1
1482,1559,1
1483,1560,1
1484,1561,1
1485,1562,2
1486,1563,1
1487,1564,1
1488,1565,1
1489,1566,1
1490,1567,1
1491,1568,1
1492,1569,1
1493,1570,1
1494,1571,1
1495,1572,1
1496,1573,1
1497,1574,1
1498,1575,1
1499,1576,1
1500,1577,1
1501,1578,1
1502,1579,1
1503,1580,1
1504,1581,1
1505,1582,1
1506,1583,1
1507,1584,1
1508,1585,1
1509,1586,1
1510,1587,2
1511,1588,2
1512,1589,2
1513,1590,2
1514,1591,1
1515,1592,1
1516,1593,1
1517,1594,1
1518,1595,1
1519,1596,1
1520,1597,1
1521,1598,1
1522,1599,1
1523,1600,1
1524,1601,1
1525,1602,1
1526,1603,1
1527,1604,1
1528,1605,1
1529,1606,2
1530,1607,1
1531,1608,1
1532,1609,1
1533,1610,1
1534,1611,1
1535,1612,1
1536,1613,1
1537,1614,1
1538,1615,1
1539,1616,1
1540,1617,1
1541,1618,1
1542,1619,1
1543,1620,1
1544,1621,1
1545,1622,1
1546,1623,1
1547,1624,1
1548,1625,1
1549,1626,1
1550,1627,1
1551,1628,1
1552,1629,1
1553,1630,1
1554,1631,1
1555,1632,1
1556,1633,1
1557,1634,1
1558,1635,1
1559,1636,1
1560,1637,1
1561,1638,1
1562,1639,1
1563,1640,1
1564,1641,1
1565,1642,1
1566,1643,2
1567,1644,1
1568,1645,1
1569,1646,2
1570,1647,1
1571,1648,1
1572,1649,1
1573,1650,1
1574,1651,1
1575,1652,2
1576,1653,1
1577,1654,1
1578,1655,1
1579,1656,1
1580,1657,1
1581,1658,1
1582,1659,2
1583,1660,1
1584,1661,2
1585,1662,1
1586,1663,1
1587,1664,2
1588,1665,1
1589,1666,1
1590,1667,1
1591,1668,1
1592,1669,1
1593,1670,2
1594,1671,1
1595,1672,1
1596,1673,1
1597,1674,1
1598,1675,1
1599,1676,1
1600,1677,1
1601,1678,1
1602,1679,2
1603,1680,2
1604,1681,1
1605,1682,1
1606,1683,1
1607,1684,1
1608,1685,1
1609,1686,1
1610,1687,1
1611,1688,1
1612,1689,1
1613,1690,1
1614,1691,1
1615,1692,1
1616,1693,1
1617,1694,1
1618,1695,1
1619,1696,1
1620,1697,1
1621,1698,1
1622,1699,1
1623,1700,1
1624,1701,1
1625,1702,1
1626,1703,1
1627,1704,1
1628,1705,1
1629,1706,2
1630,1707,1
1631,1708,2
1632,1709,2
1633,1710,2
1634,1711,1
1635,1712,2
1636,1713,2
1637,1714,1
1638,1715,1
1639,1716,1
1640,1717,1
1641,1718,1
1642,1719,1
1643,1720,1
1644,1721,1
1645,1722,1
1646,1723,1
1647,1724,1
1648,1725,1
1649,1726,1
1650,1727,1
1651,1728,1
1652,1729,1
1653,1730,1
1654,1731,1
1655,1732,1
1656,1733,1
1657,1734,1
1658,1735,1
1659,1736,1
1660,1737,1
1661,1738,1
1662,1739,1
1663,1740,1
1664,1741,1
1665,1742,1
1666,1743,1
1667,1744,1
1668,1745,1
1669,1746,1
1670,1747,1
1671,1748,1
1672,1749,1
1673,1750,1
1674,1751,1
1675,1752,1
1676,1753,1
1677,1754,1
1678,1755,1
1679,1756,1
1680,1757,1
1681,1758,1
1682,1759,1
1683,1760,1
1684,1761,1
1685,1762,1
1686,1763,1
1687,1764,1
1688,1765,1
1689,1766,1
1690,1767,1
1691,1768,2
1692,1769,1
1693,1770,1
1694,1771,1
1695,1772,1
1696,1773,1
1697,1774,1
1698,1775,1
1699,1776,1
1700,1777,1
1701,1778,2
1702,1779,1
1703,1780,1
1704,1781,2
1705,1782,2
1706,1783,1
1707,1784,1
1708,1785,1
1709,1786,1
1710,1787,1
1711,1788,1
1712,1789,1
1713,1790,1
1714,1791,1
1715,1792,1
1716,1793,1
1717,1794,1
1718,1795,1
1719,1796,2
1720,1797,2
1721,1798,1
1722,1799,1
1723,1800,1
1724,1801,1
1725,1802,1
1726,1803,1
1727,1804,1
1728,1805,1
1729,1806,1
1730,1807,1
1731,1808,1
1732,1809,1
1733,1810,1
1734,1811,1
1735,1812,1
1736,1813,1
1737,1814,1
1738,1815,1
1739,1816,1
1740,1817,1
1741,1818,1
1742,1819,1
1743,1820,1
1744,1821,1
1745,1822,1
1746,1823,1
1747,1824,1
1748,1825,1
1749,1826,1
1750,1827,1
1751,1828,1
1752,1829,1
1753,1830,1
1754,1831,1
1755,1832,1
1756,1833,1
1757,1834,1
1758,1835,2
1759,1836,1
1760,1837,1
1761,1838,2
1762,1839,1
1763,1840,1
1764,1841,1
1765,1842,1
1766,1843,1
1767,1844,1
1768,1845,1
1769,1846,1
1770,1847,1
1771,1848,1
1772,1849,1
1773,1850,1
1774,1851,1
1775,1852,1
1776,1853,1
1777,1854,1
1778,1855,1
1779,1856,1
1780,1857,1
1781,1858,1
1782,1859,1
1783,1860,2
1784,1861,1
1785,1862,2
1786,1863,1
1787,1864,1
1788,1865,1
1789,1866,1
1790,1867,2
1791,1868,1
1792,1869,1
1793,1870,2
1794,1871,2
1795,1872,1
1796,1873,1
1797,1874,1
1798,1875,1
1799,1876,1
1800,1877,1
1801,1878,1
1802,1879,2
1803,1880,1
1804,1881,2
1805,1882,1
1806,1883,1
1807,1884,1
1808,1885,1
1809,1886,1
1810,1887,1
1811,1888,2
1812,1889,1
1813,1890,1
1814,1891,1
1815,1892,1
1816,1893,1
1817,1894,1
1818,1895,1
1819,1896,1
1820,1897,1
1821,1898,1
1822,1899,2
1823,1900,2
1824,1901,1
1825,1902,1
1826,1903,1
1827,1904,1
1828,1905,1
1829,1906,1
1830,1907,1
1831,1908,1
1832,1909,1
1833,1910,2
1834,1911,1
1835,1912,1
1836,1913,1
1837,1914,1
1838,1915,1
1839,1916,1
1840,1917,2
1841,1918,1
1842,1919,1
1843,1920,1
1844,1921,1
1845,1922,1
1846,1923,1
1847,1924,1
1848,1925,1
1849,1926,1
1850,1927,1
1851,1928,1
1852,1929,1
1853,1930,1
1854,1931,1
1855,1932,1
1856,1933,1
1857,1934,1
1858,1935,1
1859,1936,1
1860,1937,1
1861,1938,1
1862,1939,1
1863,1940,1
1864,1941,1
1865,1942,1
1866,1943,2
1867,1944,1
1868,1945,2
1869,1946,1
1870,1947,1
1871,1948,1
1872,1949,1
1873,1950,1
1874,1951,1
1875,1952,1
1876,1953,1
1877,1954,1
1878,1955,1
1879,1956,1
1880,1957,1
1881,1958,1
1882,1959,1
1883,1960,1
1884,1961,1
1885,1962,1
1886,1963,1
1887,1964,2
1888,1965,1
1889,1966,1
1890,1967,1
1891,1968,1
1892,1969,1
1893,1970,1
1894,1971,1
1895,1972,1
1896,1973,1
1897,1974,1
1898,1975,1
1899,1976,1
1900,1977,1
1901,1978,1
1902,1979,2
1903,1980,1
1904,1981,1
1905,1982,1
1906,1983,1
1907,1984,1
1908,1985,1
1909,1986,1
1910,1987,1
1911,1988,1
1912,1989,1
1913,1990,1
1914,1991,1
1915,1992,2
1916,1993,1
1917,1994,1
1918,1995,1
1919,1996,1
1920,1997,2
1921,1998,2
1922,1999,1
1923,2000,1
1924,2001,1
1925,2002,1
1926,2003,1
1927,2004,1
1928,2005,1
1929,2006,1
1930,2007,2
1931,2008,2
1932,2009,2
1933,2010,1
1934,2011,1
1935,2012,1
1936,2013,1
1937,2014,1
1938,2015,1
1939,2016,1
1940,2017,1
1941,2018,1
1942,2019,1
1943,2020,2
1944,2021,1
1945,2022,1
1946,2023,1
1947,2024,1
1948,2025,1
1949,2026,1
1950,2027,1
1951,2028,1
1952,2029,1
1953,2030,1
1954,2031,1
1955,2032,1
1956,2033,1
1957,2034,1
1958,2035,1
1959,2036,1
1960,2037,1
1961,2038,1
1962,2039,1
1963,2040,1
1964,2041,1
1965,2042,1
1966,2043,1
1967,2044,1
1968,2045,1
1969,2046,1
1970,2047,1
1971,2048,1
1972,2049,1
1973,2050,1
1974,2051,1
1975,2052,1
1976,2053,2
1977,2054,1
1978,2055,1
1979,2056,1
1980,2057,1
1981,2058,1
1982,2059,2
1983,2060,1
1984,2061,1
1985,2062,1
1986,2063,1
1987,2064,1
1988,2065,1
1989,2066,1
1990,2067,1
1991,2068,2
1992,2069,1
1993,2070,1
1994,2071,1
1995,2072,1
1996,2073,1
1997,2074,1
1998,2075,1
1999,2076,1
2000,2077,1
2001,2078,1
2002,2079,1
2003,2080,1
2004,2081,1
2005,2082,1
2006,2083,1
2007,2084,1
2008,2085,1
2009,2086,2
2010,2087,2
2011,2088,1
2012,2089,2
2013,2090,2
2014,2091,1
2015,2092,1
2016,2093,1
2017,2094,1
2018,2095,1
2019,2096,1
2020,2097,1
2021,2098,1
2022,2099,1
2023,2100,1
2024,2101,1
2025,2102,1
2026,2103,1
2027,2104,1
2028,2105,1
2029,2106,1
2030,2107,1
2031,2108,1
2032,2109,1
2033,2110,2
2034,2111,1
2035,2112,2
2036,2113,1
2037,2114,1
2038,2115,1
2039,2116,1
2040,2117,1
2041,2118,1
2042,2119,1
2043,2120,1
2044,2121,1
2045,2122,1
2046,2123,1
2047,2124,1
2048,2125,1
2049,2126,2
2050,2127,1
2051,2128,1
2052,2129,1
2053,2130,1
2054,2131,1
2055,2132,1
2056,2133,1
2057,2134,1
2058,2135,1
2059,2136,1
2060,2137,1
2061,2138,1
2062,2139,2
2063,2140,1
2064,2141,1
2065,2142,1
2066,2143,2
2067,2144,2
2068,2145,1
2069,2146,1
2070,2147,1
2071,2148,1
2072,2149,1
2073,2150,2
2074,2151,2
2075,2152,1
2076,2153,1
2077,2154,1
2078,2155,1
2079,2156,1
2080,2157,1
2081,2158,2
2082,2159,2
2083,2160,1
2084,2161,1
2085,2162,1
2086,2163,1
2087,2164,1
2088,2165,1
2089,2166,1
2090,2167,1
2091,2168,1
2092,2169,1
2093,2170,1
2094,2171,1
2095,2172,1
2096,2173,2
2097,2174,1
2098,2175,1
2099,2176,1
2100,2177,1
2101,2178,1
2102,2179,1
2103,2180,1
2104,2181,1
2105,2182,1
2106,2183,1
2107,2184,1
2108,2185,1
2109,2186,1
2110,2187,1
2111,2188,1
2112,2189,2
2113,2190,2
2114,2191,1
2115,2192,1
2116,2193,1
2117,2194,1
2118,2195,1
2119,2196,1
2120,2197,1
2121,2198,1
2122,2199,1
2123,2200,1
2124,2201,1
2125,2202,1
2126,2203,1
2127,2204,1
2128,2205,1
2129,2206,1
2130,2207,1
2131,2208,1
2132,2209,1
2133,2210,1
2134,2211,1
2135,2212,1
2136,2213,2
2137,2214,1
2138,2215,1
155,1,-1
156,2,-1
157,3,-1
158,4,-1
159,5,-1
160,6,-1
161,7,-1
162,8,-1
163,7,-1
163,8,-1
164,9,-1
165,10,-1
166,11,-1
167,12,-1
168,13,-1
169,14,-1
170,15,-1
171,16,-1
172,17,-1
173,18,-1
174,19,-1
175,20,-1
175,21,-1
176,20,-1
177,21,-1
178,22,-1
178,24,-1
179,23,-1
179,25,-1
180,22,-1
181,23,-1
182,24,-1
183,25,-1
184,26,-1
184,27,-1
185,26,-1
186,27,-1
187,28,-1
187,29,-1
188,28,-1
189,29,-1
190,30,-1
191,31,-1
192,32,-1
192,33,-1
193,32,-1
193,34,-1
194,32,-1
195,33,-1
195,34,-1
196,33,-1
197,34,-1
198,35,-1
199,36,-1
199,37,-1
200,36,-1
201,36,-1
201,38,-1
202,37,-1
203,37,-1
203,38,-1
204,38,-1
205,39,-1
206,39,-1
206,40,-1
207,39,-1
207,41,-1
208,40,-1
209,41,-1
210,40,-1
210,41,-1
211,42,-1
212,43,-1
213,44,-1
214,46,-1
215,45,-1
216,47,-1
217,48,-1
218,49,-1
219,50,-1
220,52,-1
221,54,-1
222,55,-1
223,57,-1
224,59,-1
225,63,-1
226,64,-1
227,65,-1
228,66,-1
229,67,-1
230,68,-1
231,70,-1
232,71,-1
233,72,-1
234,75,-1
235,76,-1
236,78,-1
237,79,-1
238,80,-1
239,82,-1
240,83,-1
241,84,-1
242,85,-1
243,86,-1
244,87,-1
245,88,-1
246,89,-1
247,91,-1
248,93,-1
249,95,-1
250,96,-1
251,98,-1
252,100,-1
253,103,-1
254,105,-1
255,106,-1
256,106,-1
256,108,-1
257,107,-1
257,109,-1
258,108,-1
259,110,-1
260,111,-1
261,114,-1
261,116,-1
262,115,-1
262,117,-1
263,114,-1
264,116,-1
265,118,-1
266,124,-1
267,125,-1
268,130,-1
269,134,-1
270,132,-1
271,135,-1
272,137,-1
273,139,-1
274,143,-1
275,145,-1
276,147,-1
277,149,-1
278,154,-1
279,156,-1
280,157,-1
281,160,-1
282,161,-1
283,162,-1
284,163,-1
285,165,-1
286,167,-1
287,171,-1
288,173,-1
289,175,-1
290,177,-1
291,179,-1
292,180,-1
293,181,-1
294,185,-1
295,186,-1
296,188,-1
296,189,-1
297,188,-1
298,189,-1
299,190,-1
300,191,-1
301,192,-1
302,194,-1
303,195,-1
304,195,-1
304,196,-1
305,196,-1
306,198,-1
307,200,-1
308,201,-1
309,202,-1
310,203,-1
311,205,-1
312,207,-1
313,208,-1
314,211,-1
315,212,-1
316,213,-1
317,212,-1
317,213,-1
318,214,-1
319,216,-1
320,218,-1
321,219,-1
322,221,-1
323,224,-1
324,225,-1
325,227,-1
326,227,-1
326,228,-1
327,228,-1
328,230,-1
329,1,-1
330,1,-1
331,2,-1
332,5,-1
333,4,-1
333,6,-1
334,4,-1
335,6,-1
336,6,-1
337,7,-1
338,8,-1
339,9,-1
340,7,-1
341,8,-1
342,9,-1
343,10,-1
344,12,-1
345,11,-1
346,13,-1
347,14,-1
348,12,-1
348,16,-1
349,12,-1
350,16,-1
351,17,-1
352,13,-1
353,14,-1
353,18,-1
354,14,-1
355,18,-1
356,15,-1
357,16,-1
358,17,-1
359,19,-1
360,19,-1
361,20,-1
362,21,-1
363,22,-1
364,24,-1
365,23,-1
366,25,-1
367,26,-1
368,27,-1
369,22,-1
370,23,-1
371,24,-1
372,25,-1
373,26,-1
374,27,-1
375,28,-1
376,29,-1
377,31,-1
378,32,-1
379,33,-1
380,34,-1
381,35,-1
382,36,-1
383,37,-1
384,38,-1
385,30,-1
386,31,-1
387,39,-1
388,40,-1
389,41,-1
390,43,-1
391,42,-1
391,44,-1
392,42,-1
393,44,-1
394,43,-1
395,44,-1
396,46,-1
397,47,-1
398,48,-1
399,49,-1
400,51,-1
401,53,-1
402,45,-1
403,45,-1
403,52,-1
404,46,-1
404,53,-1
405,52,-1
406,54,-1
407,47,-1
408,48,-1
409,50,-1
410,54,-1
411,55,-1
412,55,-1
412,57,-1
413,56,-1
413,58,-1
414,57,-1
415,59,-1
416,57,-1
416,59,-1
417,57,-1
418,61,-1
419,62,-1
420,61,-1
421,64,-1
422,66,-1
423,68,-1
424,70,-1
425,68,-1
426,69,-1
427,72,-1
428,75,-1
429,76,-1
430,70,-1
430,76,-1
431,71,-1
431,77,-1
432,70,-1
433,77,-1
434,73,-1
435,78,-1
436,75,-1
437,75,-1
437,78,-1
438,76,-1
439,78,-1
440,80,-1
441,83,-1
442,85,-1
443,86,-1
444,87,-1
445,88,-1
446,83,-1
447,84,-1
448,85,-1
449,89,-1
450,93,-1
451,96,-1
452,98,-1
453,98,-1
454,103,-1
455,104,-1
456,107,-1
457,109,-1
458,104,-1
459,110,-1
460,110,-1
461,112,-1
462,115,-1
463,117,-1
464,118,-1
465,118,-1
466,122,-1
467,130,-1
468,125,-1
469,125,-1
469,130,-1
470,126,-1
470,131,-1
471,130,-1
472,132,-1
473,135,-1
474,137,-1
475,137,-1
476,141,-1
477,145,-1
478,143,-1
479,144,-1
480,150,-1
481,150,-1
481,156,-1
482,158,-1
483,161,-1
484,163,-1
485,161,-1
486,163,-1
487,175,-1
488,175,-1
489,179,-1
490,180,-1
491,183,-1
492,190,-1
493,197,-1
494,209,-1
495,211,-1
496,211,-1
497,212,-1
498,213,-1
499,212,-1
500,213,-1
501,214,-1
502,218,-1
503,218,-1
504,219,-1
505,219,-1
506,220,-1
507,220,-1
508,221,-1
509,221,-1
510,223,-1
511,223,-1
512,224,-1
513,224,-1
514,227,-1
515,228,-1
516,230,-1
517,230,-1
518,1,-1
518,12,-1
519,1,-1
520,12,-1
521,13,-1
522,14,-1
523,2,-1
524,2,-1
524,15,-1
525,15,-1
526,16,-1
527,17,-1
528,3,-1
529,18,-1
530,19,-1
531,4,-1
532,5,-1
533,20,-1
534,21,-1
535,6,-1
536,26,-1
537,27,-1
538,28,-1
539,29,-1
540,7,-1
541,8,-1
542,9,-1
543,30,-1
544,32,-1
545,33,-1
546,34,-1
547,36,-1
548,37,-1
549,38,-1
550,39,-1
551,40,-1
552,41,-1
553,10,-1
554,42,-1
555,12,-1
555,43,-1
556,12,-1
557,43,-1
558,13,-1
559,14,-1
560,15,-1
561,16,-1
562,17,-1
563,18,-1
564,47,-1
565,48,-1
566,54,-1
567,55,-1
568,19,-1
569,61,-1
570,20,-1
571,20,-1
571,63,-1
572,21,-1
573,21,-1
573,63,-1
574,63,-1
575,64,-1
576,65,-1
577,22,-1
578,24,-1
579,67,-1
580,26,-1
581,26,-1
581,68,-1
582,27,-1
583,27,-1
583,68,-1
584,68,-1
585,70,-1
586,71,-1
587,28,-1
588,28,-1
588,75,-1
589,29,-1
590,29,-1
590,75,-1
591,75,-1
592,78,-1
593,30,-1
594,31,-1
595,32,-1
596,33,-1
597,34,-1
598,35,-1
599,36,-1
599,83,-1
600,36,-1
601,37,-1
601,83,-1
602,37,-1
603,83,-1
604,38,-1
604,83,-1
605,38,-1
606,85,-1
607,86,-1
608,39,-1
608,87,-1
609,39,-1
610,87,-1
611,40,-1
611,87,-1
612,40,-1
613,41,-1
613,87,-1
614,41,-1
615,43,-1
616,95,-1
617,46,-1
618,47,-1
619,48,-1
620,49,-1
621,50,-1
622,53,-1
623,52,-1
624,54,-1
625,98,-1
626,59,-1
627,59,-1
627,100,-1
628,60,-1
628,102,-1
629,100,-1
630,61,-1
631,63,-1
632,64,-1
633,65,-1
634,66,-1
635,68,-1
636,106,-1
637,108,-1
638,70,-1
639,75,-1
640,76,-1
641,78,-1
642,110,-1
643,79,-1
644,81,-1
645,83,-1
646,86,-1
647,87,-1
648,88,-1
649,114,-1
650,116,-1
651,89,-1
652,89,-1
652,118,-1
653,90,-1
653,119,-1
654,118,-1
655,93,-1
656,120,-1
657,95,-1
658,96,-1
659,125,-1
660,103,-1
661,104,-1
662,137,-1
663,106,-1
664,107,-1
665,108,-1
666,109,-1
667,139,-1
668,141,-1
669,110,-1
670,144,-1
671,114,-1
672,114,-1
672,147,-1
673,116,-1
674,116,-1
674,147,-1
675,147,-1
676,118,-1
677,157,-1
678,130,-1
679,138,-1
680,160,-1
681,139,-1
682,139,-1
682,160,-1
683,141,-1
683,161,-1
684,141,-1
685,163,-1
686,151,-1
687,157,-1
688,175,-1
689,162,-1
690,180,-1
691,179,-1
692,190,-1
693,197,-1
694,210,-1
695,208,-1
696,218,-1
697,219,-1
698,222,-1
699,224,-1
700,222,-1
701,192,-1
702,194,-1
703,22,-1
704,22,-1
704,198,-1
705,23,-1
705,199,-1
706,24,-1
707,24,-1
707,198,-1
708,25,-1
708,199,-1
709,198,-1
710,199,-1
711,203,-1
712,204,-1
713,111,-1
714,132,-1
715,145,-1
716,210,-1
717,156,-1
717,210,-1
718,165,-1
719,214,-1
720,181,-1
721,194,-1
722,195,-1
723,196,-1
724,203,-1
725,1,-1
726,2,-1
727,3,-1
728,4,-1
729,5,-1
730,6,-1
731,12,-1
732,15,-1
733,16,-1
734,18,-1
735,20,-1
736,21,-1
737,26,-1
738,27,-1
739,28,-1
740,29,-1
741,36,-1
742,37,-1
743,38,-1
744,43,-1
745,47,-1
746,48,-1
747,54,-1
748,57,-1
749,59,-1
750,59,-1
750,190,-1
751,190,-1
752,75,-1
753,76,-1
754,79,-1
755,80,-1
756,87,-1
757,89,-1
758,100,-1
759,148,-1
760,190,-1
761,212,-1
762,213,-1
763,224,-1
764,1,-1
765,2,-1
766,3,-1
767,118,-1
768,5,-1
769,9,-1
770,10,-1
771,143,-1
772,12,-1
773,147,-1
774,13,-1
775,14,-1
776,15,-1
777,16,-1
778,18,-1
779,150,-1
780,154,-1
781,157,-1
782,20,-1
783,21,-1
784,28,-1
785,29,-1
786,30,-1
787,35,-1
788,36,-1
789,37,-1
790,38,-1
791,47,-1
792,48,-1
793,54,-1
794,56,-1
795,59,-1
796,65,-1
797,177,-1
798,70,-1
799,75,-1
800,76,-1
801,78,-1
802,80,-1
803,83,-1
804,95,-1
805,98,-1
806,104,-1
807,106,-1
808,108,-1
809,110,-1
810,191,-1
811,161,-1
812,186,-1
813,188,-1
813,205,-1
814,188,-1
815,189,-1
815,205,-1
816,189,-1
817,205,-1
818,190,-1
819,194,-1
820,195,-1
821,196,-1
822,209,-1
823,210,-1
824,216,-1
825,216,-1
826,1,-1
827,18,-1
828,231,-1
829,4,-1
829,55,-1
830,4,-1
831,55,-1
832,5,-1
833,6,-1
834,6,-1
834,57,-1
835,57,-1
836,59,-1
837,79,-1
838,80,-1
839,91,-1
840,93,-1
841,22,-1
842,24,-1
843,26,-1
844,26,-1
844,100,-1
845,27,-1
846,27,-1
846,100,-1
847,100,-1
848,36,-1
849,37,-1
850,38,-1
851,39,-1
852,40,-1
853,41,-1
854,111,-1
855,113,-1
856,48,-1
857,122,-1
858,124,-1
859,127,-1
860,65,-1
861,132,-1
862,70,-1
863,70,-1
863,132,-1
864,71,-1
864,133,-1
865,133,-1
866,76,-1
867,80,-1
868,83,-1
869,84,-1
870,89,-1
871,89,-1
871,145,-1
872,145,-1
873,96,-1
874,148,-1
875,151,-1
876,156,-1
877,106,-1
878,108,-1
879,159,-1
880,164,-1
881,111,-1
882,111,-1
882,165,-1
883,165,-1
884,114,-1
885,114,-1
885,167,-1
886,116,-1
887,116,-1
887,167,-1
888,167,-1
889,169,-1
890,171,-1
891,130,-1
892,173,-1
893,135,-1
894,135,-1
894,173,-1
895,177,-1
896,181,-1
897,182,-1
898,156,-1
899,184,-1
900,159,-1
901,185,-1
902,165,-1
903,186,-1
904,188,-1
905,189,-1
906,171,-1
906,188,-1
907,171,-1
907,189,-1
908,171,-1
909,190,-1
910,177,-1
911,191,-1
912,194,-1
913,195,-1
914,196,-1
915,198,-1
916,200,-1
917,185,-1
917,200,-1
918,185,-1
919,186,-1
919,201,-1
920,186,-1
921,201,-1
922,188,-1
922,202,-1
923,188,-1
924,189,-1
924,202,-1
925,189,-1
926,202,-1
927,192,-1
928,203,-1
929,194,-1
929,203,-1
930,194,-1
931,195,-1
932,196,-1
933,203,-1
934,214,-1
935,227,-1
936,228,-1
937,200,-1
938,201,-1
939,76,-1
940,114,-1
940,210,-1
941,116,-1
941,210,-1
942,210,-1
943,215,-1
944,4,-1
945,5,-1
946,6,-1
947,7,-1
948,8,-1
949,23,-1
950,25,-1
951,31,-1
952,13,-1
953,14,-1
954,16,-1
955,18,-1
956,46,-1
957,20,-1
958,21,-1
959,49,-1
960,26,-1
961,27,-1
962,60,-1
963,62,-1
964,31,-1
965,32,-1
966,33,-1
967,34,-1
968,71,-1
969,36,-1
970,37,-1
971,38,-1
972,72,-1
973,39,-1
974,40,-1
975,41,-1
976,77,-1
977,43,-1
978,84,-1
979,44,-1
980,86,-1
981,49,-1
982,54,-1
983,92,-1
984,61,-1
985,63,-1
986,64,-1
987,69,-1
988,71,-1
989,77,-1
990,102,-1
991,78,-1
992,83,-1
993,88,-1
994,95,-1
995,96,-1
996,123,-1
997,103,-1
998,110,-1
999,139,-1
1000,153,-1
1001,139,-1
1002,142,-1
1003,162,-1
1004,166,-1
1005,172,-1
1006,175,-1
1007,193,-1
1008,194,-1
1009,203,-1
1010,209,-1
1011,1,-1
1012,4,-1
1013,5,-1
1014,6,-1
1015,16,-1
1016,26,-1
1017,27,-1
1018,28,-1
1019,29,-1
1020,47,-1
1021,64,-1
1022,75,-1
1023,76,-1
1024,78,-1
1025,139,-1
1026,160,-1
1027,149,-1
1028,192,-1
1029,194,-1
1030,206,-1
1031,209,-1
1032,1,-1
1033,1,-1
1033,7,-1
1034,1,-1
1034,8,-1
1035,7,-1
1036,8,-1
1037,2,-1
1037,9,-1
1038,2,-1
1039,9,-1
1040,3,-1
1041,13,-1
1042,14,-1
1043,4,-1
1043,16,-1
1044,4,-1
1045,16,-1
1046,5,-1
1046,18,-1
1047,5,-1
1048,18,-1
1049,6,-1
1050,7,-1
1051,8,-1
1052,9,-1
1053,20,-1
1054,21,-1
1055,26,-1
1056,27,-1
1057,10,-1
1058,11,-1
1059,12,-1
1060,13,-1
1061,14,-1
1062,15,-1
1063,16,-1
1064,17,-1
1065,18,-1
1066,30,-1
1067,35,-1
1068,36,-1
1069,37,-1
1070,38,-1
1071,39,-1
1072,40,-1
1073,41,-1
1074,43,-1
1075,20,-1
1076,21,-1
1077,22,-1
1078,23,-1
1079,24,-1
1080,25,-1
1081,26,-1
1082,27,-1
1083,48,-1
1084,49,-1
1085,54,-1
1086,28,-1
1087,29,-1
1088,62,-1
1089,63,-1
1090,30,-1
1091,32,-1
1091,64,-1
1092,32,-1
1093,33,-1
1093,64,-1
1094,33,-1
1095,34,-1
1095,64,-1
1096,34,-1
1097,64,-1
1098,35,-1
1099,36,-1
1100,37,-1
1101,38,-1
1102,68,-1
1103,69,-1
1104,70,-1
1105,71,-1
1106,72,-1
1107,78,-1
1108,43,-1
1109,82,-1
1110,44,-1
1111,83,-1
1112,84,-1
1113,85,-1
1114,86,-1
1115,87,-1
1116,88,-1
1117,46,-1
1118,47,-1
1119,49,-1
1120,54,-1
1121,61,-1
1122,62,-1
1123,63,-1
1124,64,-1
1125,65,-1
1126,66,-1
1127,67,-1
1128,70,-1
1129,71,-1
1130,72,-1
1131,73,-1
1132,75,-1
1133,76,-1
1134,78,-1
1135,79,-1
1136,80,-1
1137,80,-1
1137,100,-1
1138,81,-1
1138,102,-1
1139,82,-1
1139,101,-1
1140,100,-1
1141,101,-1
1142,84,-1
1143,85,-1
1144,87,-1
1145,103,-1
1146,88,-1
1146,103,-1
1147,88,-1
1148,104,-1
1149,106,-1
1150,108,-1
1151,107,-1
1152,109,-1
1153,93,-1
1154,95,-1
1155,98,-1
1156,118,-1
1157,104,-1
1158,106,-1
1159,108,-1
1160,124,-1
1161,110,-1
1162,114,-1
1163,116,-1
1164,139,-1
1165,147,-1
1166,125,-1
1167,129,-1
1168,130,-1
1169,137,-1
1170,157,-1
1171,139,-1
1172,141,-1
1173,147,-1
1174,162,-1
1175,163,-1
1176,174,-1
1177,175,-1
1178,190,-1
1179,190,-1
1180,197,-1
1181,208,-1
1182,212,-1
1183,213,-1
1184,211,-1
1185,211,-1
1185,212,-1
1186,211,-1
1186,213,-1
1187,218,-1
1188,219,-1
1189,212,-1
1190,213,-1
1191,221,-1
1192,218,-1
1193,219,-1
1193,224,-1
1194,219,-1
1195,224,-1
1196,227,-1
1197,228,-1
1198,220,-1
1199,221,-1
1200,229,-1
1201,224,-1
1202,227,-1
1203,228,-1
1204,230,-1
1205,230,-1
1206,1,-1
1206,4,-1
1207,1,-1
1208,4,-1
1209,5,-1
1210,2,-1
1211,6,-1
1212,3,-1
1213,7,-1
1214,8,-1
1215,9,-1
1216,4,-1
1217,5,-1
1218,6,-1
1219,10,-1
1220,12,-1
1221,13,-1
1222,14,-1
1223,15,-1
1224,16,-1
1225,7,-1
1225,16,-1
1226,7,-1
1227,8,-1
1227,16,-1
1228,8,-1
1229,17,-1
1230,18,-1
1231,9,-1
1232,19,-1
1233,11,-1
1234,12,-1
1235,13,-1
1236,14,-1
1237,20,-1
1238,21,-1
1239,15,-1
1240,16,-1
1241,17,-1
1242,18,-1
1243,22,-1
1244,24,-1
1245,26,-1
1246,27,-1
1247,28,-1
1248,29,-1
1249,19,-1
1250,30,-1
1251,32,-1
1252,33,-1
1253,34,-1
1254,35,-1
1255,36,-1
1256,37,-1
1257,38,-1
1258,20,-1
1259,21,-1
1260,39,-1
1261,40,-1
1262,41,-1
1263,22,-1
1264,23,-1
1265,24,-1
1266,25,-1
1267,26,-1
1268,27,-1
1269,28,-1
1270,29,-1
1271,43,-1
1272,44,-1
1273,30,-1
1274,31,-1
1275,32,-1
1276,33,-1
1277,34,-1
1278,35,-1
1279,36,-1
1280,37,-1
1281,38,-1
1282,47,-1
1283,39,-1
1284,39,-1
1284,48,-1
1285,48,-1
1286,40,-1
1287,40,-1
1287,48,-1
1288,41,-1
1289,41,-1
1289,48,-1
1290,51,-1
1291,52,-1
1292,54,-1
1293,43,-1
1293,61,-1
1294,61,-1
1295,63,-1
1296,67,-1
1297,68,-1
1298,70,-1
1299,71,-1
1300,46,-1
1301,45,-1
1302,72,-1
1303,75,-1
1304,47,-1
1305,47,-1
1305,75,-1
1306,76,-1
1307,48,-1
1307,76,-1
1308,49,-1
1308,77,-1
1309,48,-1
1310,77,-1
1311,52,-1
1312,54,-1
1313,78,-1
1314,55,-1
1315,79,-1
1316,80,-1
1317,57,-1
1317,80,-1
1318,58,-1
1318,82,-1
1319,57,-1
1320,58,-1
1321,61,-1
1322,62,-1
1323,83,-1
1324,63,-1
1325,85,-1
1326,87,-1
1327,64,-1
1328,64,-1
1328,88,-1
1329,88,-1
1330,65,-1
1331,66,-1
1332,68,-1
1333,70,-1
1334,75,-1
1335,76,-1
1335,89,-1
1336,77,-1
1336,90,-1
1337,76,-1
1338,89,-1
1339,78,-1
1340,95,-1
1341,84,-1
1342,85,-1
1343,86,-1
1344,87,-1
1345,96,-1
1346,88,-1
1346,96,-1
1347,88,-1
1348,98,-1
1349,91,-1
1350,103,-1
1351,104,-1
1352,105,-1
1353,106,-1
1354,108,-1
1355,95,-1
1356,98,-1
1357,110,-1
1358,111,-1
1359,100,-1
1359,111,-1
1360,101,-1
1360,113,-1
1361,102,-1
1361,112,-1
1362,100,-1
1363,114,-1
1364,116,-1
1365,118,-1
1366,126,-1
1367,125,-1
1368,130,-1
1369,132,-1
1370,135,-1
1371,137,-1
1372,123,-1
1373,122,-1
1374,140,-1
1375,141,-1
1376,132,-1
1377,135,-1
1378,143,-1
1379,145,-1
1380,147,-1
1381,139,-1
1382,141,-1
1383,149,-1
1384,147,-1
1385,160,-1
1386,161,-1
1387,163,-1
1388,161,-1
1389,171,-1
1390,175,-1
1391,178,-1
1392,179,-1
1393,180,-1
1394,175,-1
1395,184,-1
1396,186,-1
1397,185,-1
1397,186,-1
1398,185,-1
1399,188,-1
1400,189,-1
1401,190,-1
1402,194,-1
1403,195,-1
1404,196,-1
1405,194,-1
1405,195,-1
1406,194,-1
1407,194,-1
1407,196,-1
1408,200,-1
1409,200,-1
1409,201,-1
1410,200,-1
1411,201,-1
1412,202,-1
1413,203,-1
1414,203,-1
1415,205,-1
1416,212,-1
1417,213,-1
1418,219,-1
1419,222,-1
1420,224,-1
1421,222,-1
1422,1,-1
1423,2,-1
1424,5,-1
1425,3,-1
1426,4,-1
1427,5,-1
1428,6,-1
1429,14,-1
1430,7,-1
1430,14,-1
1431,7,-1
1432,8,-1
1432,14,-1
1433,8,-1
1434,17,-1
1435,9,-1
1436,18,-1
1437,19,-1
1438,11,-1
1439,12,-1
1440,13,-1
1441,14,-1
1442,15,-1
1443,16,-1
1444,17,-1
1445,20,-1
1446,21,-1
1447,18,-1
1448,32,-1
1449,33,-1
1450,34,-1
1451,20,-1
1451,35,-1
1452,20,-1
1453,21,-1
1453,35,-1
1454,21,-1
1455,35,-1
1456,36,-1
1457,37,-1
1458,38,-1
1459,23,-1
1460,25,-1
1461,28,-1
1462,29,-1
1463,30,-1
1464,31,-1
1465,36,-1
1466,37,-1
1467,38,-1
1468,46,-1
1469,39,-1
1470,40,-1
1471,41,-1
1472,51,-1
1473,53,-1
1474,52,-1
1475,54,-1
1476,43,-1
1477,63,-1
1478,64,-1
1479,66,-1
1480,67,-1
1481,47,-1
1482,48,-1
1483,54,-1
1484,79,-1
1485,57,-1
1485,79,-1
1486,57,-1
1487,61,-1
1488,63,-1
1489,83,-1
1490,64,-1
1491,88,-1
1492,66,-1
1493,68,-1
1494,69,-1
1495,75,-1
1496,78,-1
1497,83,-1
1498,95,-1
1499,86,-1
1500,87,-1
1501,96,-1
1502,97,-1
1503,99,-1
1504,93,-1
1505,103,-1
1506,104,-1
1507,98,-1
1508,100,-1
1509,103,-1
1510,104,-1
1510,114,-1
1511,105,-1
1511,115,-1
1512,104,-1
1512,116,-1
1513,105,-1
1513,117,-1
1514,104,-1
1515,115,-1
1516,117,-1
1517,110,-1
1518,135,-1
1519,137,-1
1520,127,-1
1521,128,-1
1522,143,-1
1523,147,-1
1524,137,-1
1525,141,-1
1526,152,-1
1527,157,-1
1528,143,-1
1529,143,-1
1529,157,-1
1530,154,-1
1531,160,-1
1532,163,-1
1533,160,-1
1534,161,-1
1535,163,-1
1536,173,-1
1537,171,-1
1538,178,-1
1539,180,-1
1540,175,-1
1541,176,-1
1542,180,-1
1543,186,-1
1544,187,-1
1545,190,-1
1546,193,-1
1547,194,-1
1548,195,-1
1549,196,-1
1550,201,-1
1551,203,-1
1552,211,-1
1553,212,-1
1554,213,-1
1555,218,-1
1556,219,-1
1557,221,-1
1558,220,-1
1559,224,-1
1560,223,-1
1561,227,-1
1562,228,-1
1563,229,-1
1564,230,-1
1565,1,-1
1566,2,-1
1566,4,-1
1567,2,-1
1568,4,-1
1569,3,-1
1569,5,-1
1570,3,-1
1571,5,-1
1572,6,-1
1573,7,-1
1574,8,-1
1575,4,-1
1575,9,-1
1576,4,-1
1577,9,-1
1578,5,-1
1579,6,-1
1580,12,-1
1581,13,-1
1582,7,-1
1582,13,-1
1583,7,-1
1584,8,-1
1584,13,-1
1585,8,-1
1586,14,-1
1587,9,-1
1587,16,-1
1588,9,-1
1589,16,-1
1590,17,-1
1591,18,-1
1592,10,-1
1593,11,-1
1593,19,-1
1594,11,-1
1595,19,-1
1596,12,-1
1597,13,-1
1598,14,-1
1599,15,-1
1600,16,-1
1601,17,-1
1602,18,-1
1602,20,-1
1603,18,-1
1603,21,-1
1604,18,-1
1605,20,-1
1606,21,-1
1607,22,-1
1608,24,-1
1609,23,-1
1610,25,-1
1611,26,-1
1612,27,-1
1613,19,-1
1614,20,-1
1615,21,-1
1616,30,-1
1617,31,-1
1618,32,-1
1619,33,-1
1620,34,-1
1621,35,-1
1622,36,-1
1623,37,-1
1624,38,-1
1625,22,-1
1626,23,-1
1627,24,-1
1628,25,-1
1629,26,-1
1629,39,-1
1630,26,-1
1631,26,-1
1631,40,-1
1632,26,-1
1632,41,-1
1633,27,-1
1633,39,-1
1634,27,-1
1635,27,-1
1635,40,-1
1636,27,-1
1636,41,-1
1637,39,-1
1638,40,-1
1639,41,-1
1640,28,-1
1641,29,-1
1642,42,-1
1643,43,-1
1644,30,-1
1645,32,-1
1646,33,-1
1647,34,-1
1648,35,-1
1649,36,-1
1650,37,-1
1651,38,-1
1652,39,-1
1653,40,-1
1654,41,-1
1655,46,-1
1656,47,-1
1657,48,-1
1658,49,-1
1659,52,-1
1660,54,-1
1661,57,-1
1662,43,-1
1663,61,-1
1664,44,-1
1665,63,-1
1666,64,-1
1667,68,-1
1668,69,-1
1669,71,-1
1670,47,-1
1671,48,-1
1672,49,-1
1673,51,-1
1674,50,-1
1675,52,-1
1676,54,-1
1677,75,-1
1678,76,-1
1679,77,-1
1680,78,-1
1681,61,-1
1682,63,-1
1683,64,-1
1684,65,-1
1685,83,-1
1686,84,-1
1687,66,-1
1688,85,-1
1689,67,-1
1690,87,-1
1691,68,-1
1691,87,-1
1692,68,-1
1693,88,-1
1694,70,-1
1695,74,-1
1696,73,-1
1697,75,-1
1698,76,-1
1699,77,-1
1700,78,-1
1701,79,-1
1701,91,-1
1702,79,-1
1703,91,-1
1704,80,-1
1704,93,-1
1705,82,-1
1705,94,-1
1706,80,-1
1707,93,-1
1708,94,-1
1709,83,-1
1710,84,-1
1711,85,-1
1712,95,-1
1713,88,-1
1714,96,-1
1715,98,-1
1716,89,-1
1717,91,-1
1718,93,-1
1719,93,-1
1719,100,-1
1720,94,-1
1720,101,-1
1721,100,-1
1722,95,-1
1723,103,-1
1724,105,-1
1725,106,-1
1726,108,-1
1727,107,-1
1728,109,-1
1729,96,-1
1730,98,-1
1731,110,-1
1732,100,-1
1733,103,-1
1734,105,-1
1735,106,-1
1736,108,-1
1737,114,-1
1738,116,-1
1739,110,-1
1740,111,-1
1741,114,-1
1742,116,-1
1743,125,-1
1744,135,-1
1745,136,-1
1746,137,-1
1747,139,-1
1748,125,-1
1749,129,-1
1750,130,-1
1751,143,-1
1752,137,-1
1753,147,-1
1754,139,-1
1755,150,-1
1756,156,-1
1757,145,-1
1758,145,-1
1758,156,-1
1759,157,-1
1760,147,-1
1761,147,-1
1761,157,-1
1762,149,-1
1763,154,-1
1764,157,-1
1765,161,-1
1766,161,-1
1767,162,-1
1768,163,-1
1769,171,-1
1770,179,-1
1771,175,-1
1772,190,-1
1773,190,-1
1774,195,-1
1775,196,-1
1776,197,-1
1777,203,-1
1778,210,-1
1779,211,-1
1780,212,-1
1781,213,-1
1782,218,-1
1783,212,-1
1783,218,-1
1784,212,-1
1785,213,-1
1785,218,-1
1786,213,-1
1787,216,-1
1788,219,-1
1789,218,-1
1790,219,-1
1790,221,-1
1791,219,-1
1792,221,-1
1793,220,-1
1793,223,-1
1794,221,-1
1794,224,-1
1795,221,-1
1796,224,-1
1797,225,-1
1798,227,-1
1799,228,-1
1800,223,-1
1801,224,-1
1802,227,-1
1802,229,-1
1803,229,-1
1804,228,-1
1804,229,-1
1805,229,-1
1806,230,-1
1807,230,-1
1808,12,-1
1809,14,-1
1810,1,-1
1811,1,-1
1811,15,-1
1812,15,-1
1813,16,-1
1814,18,-1
1815,2,-1
1816,3,-1
1817,19,-1
1818,20,-1
1819,21,-1
1820,4,-1
1821,5,-1
1822,6,-1
1822,22,-1
1823,6,-1
1823,24,-1
1824,6,-1
1825,22,-1
1826,24,-1
1827,26,-1
1828,27,-1
1829,28,-1
1830,29,-1
1831,7,-1
1832,8,-1
1833,9,-1
1833,30,-1
1834,9,-1
1835,30,-1
1836,35,-1
1837,36,-1
1838,37,-1
1839,38,-1
1840,11,-1
1840,42,-1
1841,11,-1
1842,42,-1
1843,43,-1
1844,12,-1
1845,44,-1
1846,13,-1
1847,14,-1
1848,16,-1
1849,17,-1
1850,18,-1
1851,47,-1
1852,54,-1
1853,57,-1
1854,61,-1
1855,63,-1
1856,64,-1
1857,65,-1
1858,20,-1
1859,21,-1
1860,66,-1
1861,67,-1
1862,68,-1
1863,23,-1
1864,25,-1
1865,26,-1
1866,26,-1
1866,70,-1
1867,27,-1
1868,27,-1
1868,70,-1
1869,70,-1
1870,74,-1
1871,72,-1
1872,73,-1
1873,75,-1
1874,76,-1
1875,28,-1
1876,29,-1
1877,78,-1
1878,79,-1
1879,83,-1
1880,30,-1
1881,85,-1
1882,32,-1
1883,33,-1
1884,34,-1
1885,87,-1
1886,35,-1
1887,35,-1
1887,88,-1
1888,88,-1
1889,36,-1
1890,37,-1
1891,38,-1
1892,39,-1
1893,40,-1
1894,41,-1
1895,89,-1
1896,91,-1
1897,43,-1
1898,95,-1
1899,96,-1
1900,45,-1
1901,98,-1
1902,47,-1
1902,98,-1
1903,47,-1
1904,49,-1
1905,54,-1
1906,57,-1
1907,64,-1
1908,103,-1
1909,104,-1
1910,66,-1
1911,68,-1
1912,75,-1
1913,110,-1
1914,78,-1
1915,78,-1
1915,110,-1
1916,85,-1
1917,87,-1
1918,114,-1
1919,116,-1
1920,88,-1
1920,114,-1
1921,88,-1
1921,116,-1
1922,88,-1
1923,118,-1
1924,119,-1
1925,121,-1
1926,95,-1
1927,132,-1
1928,102,-1
1929,100,-1
1930,100,-1
1930,132,-1
1931,101,-1
1931,133,-1
1932,102,-1
1932,134,-1
1933,137,-1
1934,103,-1
1935,104,-1
1936,139,-1
1937,141,-1
1938,111,-1
1939,143,-1
1940,147,-1
1941,150,-1
1942,122,-1
1943,122,-1
1943,156,-1
1944,157,-1
1945,130,-1
1946,133,-1
1947,160,-1
1948,161,-1
1949,162,-1
1950,163,-1
1951,168,-1
1952,170,-1
1953,157,-1
1954,180,-1
1955,171,-1
1956,175,-1
1957,181,-1
1958,183,-1
1959,197,-1
1960,197,-1
1961,207,-1
1962,212,-1
1963,213,-1
1964,211,-1
1965,220,-1
1966,212,-1
1967,213,-1
1968,222,-1
1969,223,-1
1970,227,-1
1971,228,-1
1972,218,-1
1973,219,-1
1974,229,-1
1975,221,-1
1976,224,-1
1976,230,-1
1977,224,-1
1978,230,-1
1979,226,-1
1980,4,-1
1981,5,-1
1982,1,-1
1982,6,-1
1983,1,-1
1984,6,-1
1985,7,-1
1986,8,-1
1987,9,-1
1988,4,-1
1989,5,-1
1990,6,-1
1991,6,-1
1991,10,-1
1992,10,-1
1993,12,-1
1994,13,-1
1995,14,-1
1996,16,-1
1997,17,-1
1998,18,-1
1999,7,-1
2000,8,-1
2001,9,-1
2002,20,-1
2003,21,-1
2004,12,-1
2005,13,-1
2006,14,-1
2007,22,-1
2008,24,-1
2009,15,-1
2009,22,-1
2010,15,-1
2010,24,-1
2011,15,-1
2012,16,-1
2012,26,-1
2013,16,-1
2013,27,-1
2014,16,-1
2015,26,-1
2016,27,-1
2017,17,-1
2018,19,-1
2019,30,-1
2020,32,-1
2021,33,-1
2022,34,-1
2023,36,-1
2024,37,-1
2025,38,-1
2026,39,-1
2027,40,-1
2028,41,-1
2029,20,-1
2030,21,-1
2031,26,-1
2032,27,-1
2033,28,-1
2033,43,-1
2034,28,-1
2035,29,-1
2035,43,-1
2036,29,-1
2037,43,-1
2038,31,-1
2039,47,-1
2040,48,-1
2041,51,-1
2042,54,-1
2043,39,-1
2044,40,-1
2045,41,-1
2046,61,-1
2047,63,-1
2048,43,-1
2049,44,-1
2049,67,-1
2050,44,-1
2051,67,-1
2052,68,-1
2053,70,-1
2054,74,-1
2055,72,-1
2056,75,-1
2057,76,-1
2058,77,-1
2059,45,-1
2060,78,-1
2061,47,-1
2062,47,-1
2062,78,-1
2063,48,-1
2064,52,-1
2065,54,-1
2066,55,-1
2066,80,-1
2067,56,-1
2067,82,-1
2068,55,-1
2069,56,-1
2070,80,-1
2071,83,-1
2072,61,-1
2073,61,-1
2073,85,-1
2074,62,-1
2074,86,-1
2075,62,-1
2076,87,-1
2077,88,-1
2078,68,-1
2079,69,-1
2080,89,-1
2081,70,-1
2081,89,-1
2082,71,-1
2082,90,-1
2083,70,-1
2084,90,-1
2085,73,-1
2086,75,-1
2087,78,-1
2088,95,-1
2089,96,-1
2090,84,-1
2091,98,-1
2092,86,-1
2093,87,-1
2094,95,-1
2095,98,-1
2096,98,-1
2096,110,-1
2097,110,-1
2098,104,-1
2099,105,-1
2100,118,-1
2101,110,-1
2102,122,-1
2103,114,-1
2104,116,-1
2105,125,-1
2106,131,-1
2107,130,-1
2108,137,-1
2109,146,-1
2110,145,-1
2111,132,-1
2112,132,-1
2112,145,-1
2113,134,-1
2113,146,-1
2114,147,-1
2115,135,-1
2116,141,-1
2117,154,-1
2118,143,-1
2119,147,-1
2120,161,-1
2121,155,-1
2122,171,-1
2123,161,-1
2124,163,-1
2125,175,-1
2126,178,-1
2127,179,-1
2128,173,-1
2129,175,-1
2130,180,-1
2131,190,-1
2132,205,-1
2133,210,-1
2134,216,-1
2135,217,-1
2136,219,-1
2136,222,-1
2137,222,-1
2138,224,-1
